6962149696	github-pages	2026-10-09T13:41:55Z	6c3a626a
6961628261	github-pages	2026-10-09T13:17:00Z	eebbb279
6958578915	github-pages	2026-10-09T10:34:36Z	2eccc4ca
6957465983	github-pages	2026-10-09T09:31:58Z	1e08ef02
6933848860	github-pages	2026-10-08T11:06:35Z	be8aaa44
6930429586	github-pages	2026-10-08T08:07:14Z	18670c23
6929576134	github-pages	2026-10-08T07:17:43Z	5e648da5
6907756651	github-pages	2026-10-07T10:38:42Z	4bdb82b8
6906803406	github-pages	2026-10-07T09:48:31Z	fec38e60
6905905984	github-pages	2026-10-07T09:01:40Z	bb7a477a
6905328838	github-pages	2026-10-07T08:30:42Z	1fe3d4a7
6903785346	github-pages	2026-10-07T07:01:01Z	d2060b82
6881949515	github-pages	2026-10-06T10:48:26Z	97e7fd06
6881361649	github-pages	2026-10-06T10:16:53Z	eb3d3fb5
6856547762	github-pages	2026-10-05T10:19:57Z	7b6504e2
6824182414	github-pages	2026-10-03T06:18:58Z	fb043c0a
6782746284	github-pages	2026-10-01T11:11:18Z	09bf31ba
6778946593	github-pages	2026-10-01T07:44:59Z	b4104369
6778253919	github-pages	2026-10-01T07:02:12Z	dc8a4a25
6778201573	github-pages	2026-10-01T06:58:57Z	0122b475
6730572662	github-pages	2026-09-29T08:49:47Z	2b58d78b
6730077611	github-pages	2026-09-29T08:22:18Z	6af68340
6729710217	github-pages	2026-09-29T08:01:48Z	f2a31fee
6729456883	github-pages	2026-09-29T07:46:52Z	5301b5c8
6728587730	github-pages	2026-09-29T06:53:45Z	1b8e42c3
6728071331	github-pages	2026-09-29T06:18:29Z	90e12e57
6706889860	github-pages	2026-09-28T09:41:06Z	93fc2b98
6696439119	github-pages	2026-09-27T18:56:26Z	228d90d1
6696138251	github-pages	2026-09-27T18:29:48Z	c5c5bacd
6695861385	github-pages	2026-09-27T18:05:52Z	860959c3
6695446676	github-pages	2026-09-27T17:28:41Z	7180426e
6694724381	github-pages	2026-09-27T16:24:07Z	69c39f18
6693931794	github-pages	2026-09-27T15:13:08Z	789d47a6
6682481007	github-pages	2026-09-26T18:15:22Z	2f3acecd
6680616140	github-pages	2026-09-26T15:23:28Z	aa74a474
6680309474	github-pages	2026-09-26T14:54:59Z	9a0b7283
6679939529	github-pages	2026-09-26T14:19:43Z	b84f9295
6676097144	github-pages	2026-09-26T07:28:18Z	037bf8f9
6674589172	github-pages	2026-09-26T04:23:23Z	b5ab2b3f
6667457104	github-pages	2026-09-25T18:26:44Z	d43ad3c4
6667241718	github-pages	2026-09-25T18:14:44Z	67f4a165
6667110735	github-pages	2026-09-25T18:07:22Z	f86662cd
6666045845	github-pages	2026-09-25T17:07:31Z	7bca887b
6631700600	github-pages	2026-09-24T06:31:26Z	ef1d7112
6607780119	github-pages	2026-09-23T06:26:13Z	e60d46ea
6607759745	github-pages	2026-09-23T06:24:42Z	49b5614a
6585049956	github-pages	2026-09-22T06:50:22Z	e1711ebc
6584678440	github-pages	2026-09-22T06:22:03Z	7d46d6a1
6584458500	github-pages	2026-09-22T06:04:37Z	504e03aa
6564822652	github-pages	2026-09-21T08:48:39Z	635b9ac6
6563306522	github-pages	2026-09-21T07:01:57Z	90b7717a
6543541518	github-pages	2026-09-19T17:13:52Z	60c59ead
6543318635	github-pages	2026-09-19T16:50:28Z	d2777e30
6543080724	github-pages	2026-09-19T16:25:46Z	8ebbfd20
6542870066	github-pages	2026-09-19T16:04:27Z	a3d8c4b9
6542618510	github-pages	2026-09-19T15:38:05Z	6bda7117
6542330201	github-pages	2026-09-19T15:08:27Z	d533562e
6542128734	github-pages	2026-09-19T14:46:59Z	376b62dc
6541541171	github-pages	2026-09-19T13:44:36Z	04e7d29e
6520897989	github-pages	2026-09-18T08:51:02Z	3a855e5b
6520426504	github-pages	2026-09-18T08:20:38Z	a09f022a
6520032886	github-pages	2026-09-18T07:53:37Z	1a69a621
6487147837	github-pages	2026-09-16T17:56:10Z	35bace4e
6486583139	github-pages	2026-09-16T17:23:58Z	250a0cde
6485356039	github-pages	2026-09-16T16:16:07Z	446184cd
6485338262	github-pages	2026-09-16T16:15:10Z	9861d512
6433554233	github-pages	2026-09-14T08:47:17Z	8fca13c8
6376086880	github-pages	2026-09-10T16:15:28Z	4bec910f
6375632178	github-pages	2026-09-10T15:51:17Z	94a0229c
6374944780	github-pages	2026-09-10T15:16:38Z	51430718
6372242550	github-pages	2026-09-10T13:02:39Z	a8e902fa
6371744484	github-pages	2026-09-10T12:35:53Z	bb6d043b
6370723918	github-pages	2026-09-10T11:36:23Z	d8e8033e
6366744799	github-pages	2026-09-10T07:27:50Z	ef48c454
6306449250	github-pages	2026-09-07T10:09:49Z	af7f0f20
6306097788	github-pages	2026-09-07T09:47:23Z	a4dbfa86
6306017123	github-pages	2026-09-07T09:42:17Z	5dad1226
6305582112	github-pages	2026-09-07T09:14:31Z	40f57ba4
6305208458	github-pages	2026-09-07T08:50:25Z	0156d1bc
6304718525	github-pages	2026-09-07T08:18:43Z	b30a34e0
6304588994	github-pages	2026-09-07T08:10:03Z	c71d459b
6304224618	github-pages	2026-09-07T07:44:32Z	69b04dda
6303752513	github-pages	2026-09-07T07:10:36Z	a78c0cc0
6303371159	github-pages	2026-09-07T06:40:41Z	a78c0cc0
6303101868	github-pages	2026-09-07T06:17:54Z	9540f117
6302971780	github-pages	2026-09-07T06:06:29Z	e51970b9
6296092877	github-pages	2026-09-06T17:50:50Z	19c33169
6295994615	github-pages	2026-09-06T17:40:22Z	a959dbfa
6295867631	github-pages	2026-09-06T17:27:22Z	a959dbfa
6295711361	github-pages	2026-09-06T17:11:38Z	ebd94225
6295591542	github-pages	2026-09-06T17:00:08Z	bffd08ce
6295419354	github-pages	2026-09-06T16:42:24Z	efbf1502
6295344201	github-pages	2026-09-06T16:35:12Z	32474b13
6295221857	github-pages	2026-09-06T16:23:25Z	143ca6fe
6294792978	github-pages	2026-09-06T15:40:17Z	d0e67d52
6294386872	github-pages	2026-09-06T14:59:43Z	02611a23
6293658938	github-pages	2026-09-06T13:45:29Z	3ed4d91e
6293501512	github-pages	2026-09-06T13:29:34Z	6ca381bd
6293212176	github-pages	2026-09-06T12:59:52Z	4f153f48
6292992197	github-pages	2026-09-06T12:35:56Z	e7eb1f1a
6292989919	github-pages	2026-09-06T12:35:41Z	68f1f356
6292918146	github-pages	2026-09-06T12:28:25Z	b2f0a0bd
6283837465	github-pages	2026-09-05T17:34:03Z	17b10391
6283810476	github-pages	2026-09-05T17:31:11Z	6d48101f
6283405768	github-pages	2026-09-05T16:48:44Z	b368815d
6283300738	github-pages	2026-09-05T16:37:22Z	3bcfba48
6282956371	github-pages	2026-09-05T16:02:22Z	35112af5
6282705860	github-pages	2026-09-05T15:35:52Z	dcef6090
6282225412	github-pages	2026-09-05T14:45:44Z	93344927
6281824473	github-pages	2026-09-05T14:03:05Z	c897df68
6196282450	github-pages	2026-09-01T07:05:01Z	eda81087
6089429396	github-pages	2026-08-25T18:23:05Z	615e0ee4
6089403699	github-pages	2026-08-25T18:21:33Z	219f7381
6089338334	github-pages	2026-08-25T18:17:31Z	a882708b
6089318298	github-pages	2026-08-25T18:16:15Z	f0f7dd24
6089081784	github-pages	2026-08-25T18:02:15Z	516bb334
6088958702	github-pages	2026-08-25T17:54:37Z	c87ae5ff
6088802348	github-pages	2026-08-25T17:44:56Z	3591f1e2
6088598296	github-pages	2026-08-25T17:32:22Z	66713fd8
6088559297	github-pages	2026-08-25T17:30:00Z	43e16704
6088552847	github-pages	2026-08-25T17:29:36Z	52993103
6088230972	github-pages	2026-08-25T17:11:25Z	af51cbc6
6088078910	github-pages	2026-08-25T17:02:10Z	d08e2263
6088056536	github-pages	2026-08-25T17:00:51Z	bcc3a7ee
6087935565	github-pages	2026-08-25T16:53:27Z	81218952
6087631358	github-pages	2026-08-25T16:34:57Z	e5164f70
6047727579	github-pages	2026-08-23T12:03:34Z	90b8686a
6047716450	github-pages	2026-08-23T12:02:23Z	e9d0abd5
6047708862	github-pages	2026-08-23T12:01:31Z	7104b9e5
6047626434	github-pages	2026-08-23T11:51:07Z	3587609b
6047548966	github-pages	2026-08-23T11:41:20Z	4d2ec3b1
6047447051	github-pages	2026-08-23T11:28:52Z	0bc706ca
6047396042	github-pages	2026-08-23T11:22:41Z	de2a5bd9
6047263181	github-pages	2026-08-23T11:07:11Z	9c6a2203
6047092648	github-pages	2026-08-23T10:46:09Z	1b3db221
6046903571	github-pages	2026-08-23T10:21:14Z	5ac36ba8
6046770697	github-pages	2026-08-23T10:04:22Z	e742584e
6046643399	github-pages	2026-08-23T09:47:40Z	2eda353b
6046505986	github-pages	2026-08-23T09:29:40Z	9a87af70
6046502668	github-pages	2026-08-23T09:29:12Z	b97dccbf
6045431202	github-pages	2026-08-23T07:07:32Z	549c20d8
6045428406	github-pages	2026-08-23T07:07:06Z	88d2734e
6045425814	github-pages	2026-08-23T07:06:43Z	f94bf6c8
6044357986	github-pages	2026-08-23T04:26:32Z	45fb2439
6044194107	github-pages	2026-08-23T04:02:20Z	3a995768
6044100275	github-pages	2026-08-23T03:47:33Z	cb91818c
6043551374	github-pages	2026-08-23T02:24:13Z	06ed5c10
6043549148	github-pages	2026-08-23T02:23:50Z	1c78e69d
6043547207	github-pages	2026-08-23T02:23:30Z	978c4cce
6043508205	github-pages	2026-08-23T02:17:06Z	25fa7cfd
6043506465	github-pages	2026-08-23T02:16:48Z	4ad8093c
6043426275	github-pages	2026-08-23T02:03:53Z	ec5dd7df
6043373892	github-pages	2026-08-23T01:55:46Z	b041993e
6043371333	github-pages	2026-08-23T01:55:21Z	eef973e7
6039688192	github-pages	2026-08-22T18:05:10Z	53a7b2c4
6039645067	github-pages	2026-08-22T18:00:42Z	7e560725
6039552402	github-pages	2026-08-22T17:49:56Z	01d4452a
6039470126	github-pages	2026-08-22T17:40:17Z	e3103ea8
6039394414	github-pages	2026-08-22T17:31:47Z	5fc7514a
6039255936	github-pages	2026-08-22T17:15:56Z	5e2d8a44
6039155778	github-pages	2026-08-22T17:04:46Z	e2ce8094
6038882933	github-pages	2026-08-22T16:33:49Z	13778eb6
6038725088	github-pages	2026-08-22T16:16:23Z	b3ce6ff5
6038656355	github-pages	2026-08-22T16:08:37Z	82bf49e3
6038601619	github-pages	2026-08-22T16:02:57Z	142c6d09
6038547411	github-pages	2026-08-22T15:56:56Z	0bfce8ca
6038433350	github-pages	2026-08-22T15:43:59Z	af9eb0ca
6038372358	github-pages	2026-08-22T15:37:11Z	f324c027
6038141363	github-pages	2026-08-22T15:11:33Z	0778d5d8
6037379195	github-pages	2026-08-22T13:44:11Z	4de379aa
5979942150	github-pages	2026-08-19T09:44:56Z	172bb88b
5979707507	github-pages	2026-08-19T09:28:51Z	4f8a16a5
5979610805	github-pages	2026-08-19T09:22:27Z	56bb5c32
5979515986	github-pages	2026-08-19T09:16:05Z	97214c86
5979350073	github-pages	2026-08-19T09:04:45Z	94864cbb
5979267299	github-pages	2026-08-19T08:58:53Z	f0bc9e7d
5979012349	github-pages	2026-08-19T08:40:40Z	1b49fd35
5978837515	github-pages	2026-08-19T08:28:10Z	3c9d38c6
5978715430	github-pages	2026-08-19T08:19:18Z	12c67c28
5978660455	github-pages	2026-08-19T08:15:31Z	1ef0d1e4
5978510689	github-pages	2026-08-19T08:05:18Z	bb4642ba
5978500482	github-pages	2026-08-19T08:04:31Z	2d586072
5978356572	github-pages	2026-08-19T07:53:42Z	ddc2c6c4
5977811671	github-pages	2026-08-19T07:12:04Z	27871ab0
5977807243	github-pages	2026-08-19T07:11:41Z	41334a5d
5977800539	github-pages	2026-08-19T07:11:08Z	ebf573ab
5929436723	github-pages	2026-08-16T09:07:39Z	706164a7
5929427583	github-pages	2026-08-16T09:06:30Z	5fe18f12
5929357678	github-pages	2026-08-16T08:56:31Z	328693fe
5929295581	github-pages	2026-08-16T08:47:17Z	caf4fa5e
5929291620	github-pages	2026-08-16T08:46:41Z	ebdada93
5929178542	github-pages	2026-08-16T08:30:09Z	fe15e96c
5929161693	github-pages	2026-08-16T08:27:37Z	ffb62b51
5929139072	github-pages	2026-08-16T08:24:25Z	8fbfca86
5929110554	github-pages	2026-08-16T08:20:22Z	8fbfca86
5929106697	github-pages	2026-08-16T08:19:50Z	71786c2b
5929078784	github-pages	2026-08-16T08:15:43Z	4c34ad71
5929074456	github-pages	2026-08-16T08:15:05Z	5ce2ba51
5928929705	github-pages	2026-08-16T07:55:07Z	9115bb64
5928873722	github-pages	2026-08-16T07:46:40Z	9115bb64
5928839080	github-pages	2026-08-16T07:41:39Z	9057c0c4
5928739186	github-pages	2026-08-16T07:27:05Z	21222e40
5928736192	github-pages	2026-08-16T07:26:40Z	f1a74921
5928669849	github-pages	2026-08-16T07:17:29Z	1ed865a1
5928667262	github-pages	2026-08-16T07:17:06Z	6db08182
5800582137	github-pages	2026-08-07T19:16:48Z	eae14608
5800505784	github-pages	2026-08-07T19:10:45Z	bf56bad7
5800419277	github-pages	2026-08-07T19:04:07Z	697f887b
5800251345	github-pages	2026-08-07T18:51:10Z	697f887b
5800177395	github-pages	2026-08-07T18:45:52Z	1d0a43cd
5800094714	github-pages	2026-08-07T18:40:47Z	792d1ef9
5799930578	github-pages	2026-08-07T18:28:45Z	d4084abe
5799814307	github-pages	2026-08-07T18:20:38Z	d4084abe
5799787689	github-pages	2026-08-07T18:18:51Z	0ab91d80
5799769562	github-pages	2026-08-07T18:17:33Z	9bafe6e8
5799762094	github-pages	2026-08-07T18:17:03Z	8a6f2cd9
5799755150	github-pages	2026-08-07T18:16:41Z	d897e2d4
5799740161	github-pages	2026-08-07T18:15:44Z	c6508ea7
5799732219	github-pages	2026-08-07T18:15:14Z	5c42ff58
5799563798	github-pages	2026-08-07T18:02:58Z	75651e8a
5799513101	github-pages	2026-08-07T18:00:28Z	b6be3ca3
