file	original_name	last_updated	bytes
PATCH-FACTORY-BUILDS.md	Patch Factory Builds	2026-09-29 12:26 (Asia/Calcutta)	24294
BUILD-CHAIN-AND-GATES.md	Build Chain and Gates	2026-09-24 10:22 (Asia/Calcutta)	5163
MY-WRONG-CALLS-ON-PATCH-FACTORY.md	My Wrong Calls on Patch Factory	2026-09-29 08:52 (Asia/Calcutta)	24806
OPEN-WORK-QUEUE.md	Open Work Queue	2026-09-29 08:52 (Asia/Calcutta)	21382
WORKFLOWS-HYGIENE-AND-ENVIRONMENT.md	Workflows Hygiene and Environment	2026-09-24 10:22 (Asia/Calcutta)	8382
PATCH-SAFETY-AND-SELECTION.md	Patch Safety and Selection	2026-09-24 10:21 (Asia/Calcutta)	5704
TARGET-SONYLIV.md	Target SonyLIV	2026-09-24 10:23 (Asia/Calcutta)	2110
PROVIDERS-AND-APK-SOURCES.md	Providers and APK Sources	2026-09-24 10:21 (Asia/Calcutta)	5538
RELEASES-OBTAINIUM-AND-DEVICES.md	Releases Obtainium and Devices	2026-09-24 10:22 (Asia/Calcutta)	10126
